id,name,name_mr,place,lat,lon,lgd_code,osm_id
ankali,Ankali,,village,16.808811,74.571293,,9195217635
arag,Arag,,village,16.79059,74.805453,,1260047810
bedag,Bedag,,village,16.797701,74.740012,,10110454313
belanki,Belanki,,village,16.861475,74.869863,,1267848909
bhose,Bhose,,village,16.951902,74.719336,,245638991
bisur,Bisur,,village,16.922679,74.586804,,9196263399
bolwad,Bolwad,,village,16.820296,74.694296,,10110454306
chabuksarwadi,Chabuksarwadi,,village,16.902642,74.954342,,10110556121
dongerwadi,Dongerwadi,,village,16.886247,74.830134,,10110556123
dudhgaon,Dudhgaon,,village,16.884327,74.421961,,6360415236
erandoli,Erandoli,,village,16.847673,74.774237,,9196263385
gundewadi,Gundewadi,,village,16.879009,74.748981,,10110454316
kadamwadi,Kadamwadi,,village,16.87363,74.855336,,10110556120
kalambi,Kalambi,,village,16.899706,74.690509,,10110556131
kanawadi,Kanawadi,,village,16.890277,74.649031,,10110556133
kanchanpur,Kanchanpur,,village,16.921734,74.664953,,10110556136
karnal,Karnal,,village,16.912188,74.5626,,9189514831
karoli,Karoli,,village,16.98567,74.69524,,10110556129
kasbe-digraj,Kasbe Digraj,,village,16.909931,74.514676,,11272913688
kavalapur,Kavalapur,,village,16.92196,74.613647,,9195217739
kavathe-piran,Kavathe Piran,,village,16.882994,74.463492,,2024018581
khanderajuri,Khanderajuri,,village,16.895655,74.784356,,1267848534
khotwadi,Khotwadi,,village,16.950657,74.579337,,10110556138
linganur,Linganur,,village,16.806839,74.858175,,11284614502
malgaon,Malgaon,,village,16.867069,74.716333,,245638748
mallewadi,Mallewadi,,village,16.849439,74.743241,,10110454315
manmodi,Manmodi,,village,16.911398,74.673246,,10110556134
mhaisal,Mhaisal,,village,16.746416,74.703936,,9203991773
mirajghat,Mirajghat,,village,16.788251,74.631071,,10110454307
mohan-nagar,Mohan Nagar,,village,16.772936,74.684694,,10110454309
mouje-digraj,Mouje Digraj,,village,16.912786,74.524102,,2199321601
nagargojewadi,Nagargojewadi,,village,16.793387,74.715346,,10110454311
nandre,Nandre,,village,16.955152,74.542665,,10110556139
narwad,Narwad,,village,16.750011,74.736117,,9196263389
navraswadi,Navraswadi,,village,16.927534,74.558029,,10110556137
padmale,Padmale,,village,16.891375,74.543787,,9196263400
patgaon,Patgaon,,village,16.947516,74.698303,,10110556125
payapachiwadi,Payapachiwadi,,village,16.865519,74.809256,,10110556118
salgare,Salgare,,village,16.890262,74.909084,,3006844725
samdoli,Samdoli,,village,16.867757,74.494874,,9195217736
shipur,Shipur,,village,16.853587,74.819963,,10110556119
siddhewadi,Siddhewadi,,village,16.91186,74.708941,,10110556130
soni,Soni,,village,16.952915,74.688733,,9189514820
takali,Takali,,village,16.824303,74.692577,,9195217729
tanang,Tanang,,village,16.882438,74.666476,,10110556132
tung,Tung,,village,16.930631,74.480202,,12000490293
vijay-nagar,Vijay Nagar,,village,16.77915,74.698169,,10110454310
