id,elevation_m,slope_deg,aspect_deg,tpi_m,dist_river_km,dx_km,dy_km
ankali,548.0,0.43,270.0,4.4,0.596,-12.952,-5.622
arag,605.0,0.96,206.6,5.8,12.922,11.996,-7.677
bedag,594.0,0.86,270.0,3.0,8.196,5.023,-6.882
belanki,642.0,1.44,84.3,3.8,22.562,18.865,0.159
bhose,635.0,1.22,290.6,2.3,19.631,2.844,10.179
bisur,560.0,0.84,121.0,2.2,5.964,-11.273,6.971
bolwad,566.0,1.15,299.7,2.7,7.676,0.156,-4.376
chabuksarwadi,593.0,0.57,0.0,0.7,26.637,27.864,4.709
dongerwadi,689.0,1.01,81.9,-1.1,21.818,14.635,2.902
dudhgaon,551.0,0.72,323.1,1.6,8.946,-28.84,2.772
erandoli,614.0,1.22,249.4,3.2,14.818,8.677,-1.359
gundewadi,616.0,1.58,275.2,0.9,16.281,5.99,2.111
kadamwadi,657.0,0.32,26.6,-1.5,22.667,17.318,1.505
kalambi,613.0,1.04,254.1,1.8,14.063,-0.234,4.409
kanawadi,589.0,1.3,96.3,2.0,10.18,-4.653,3.374
kanchanpur,605.0,1.43,0.0,-3.5,12.963,-2.952,6.851
karnal,556.0,0.73,281.3,3.9,3.157,-13.853,5.816
karoli,620.0,0.64,333.4,0.6,19.447,0.285,13.918
kasbe-digraj,549.0,0.52,213.7,0.7,0.702,-18.958,5.578
kavalapur,572.0,0.64,333.4,3.1,8.306,-8.415,6.886
kavathe-piran,552.0,0.32,116.6,0.6,6.518,-24.417,2.613
khanderajuri,658.0,1.63,322.1,6.6,19.929,9.76,3.948
khotwadi,559.0,0.59,166.0,2.0,7.273,-12.062,10.068
linganur,600.0,1.81,71.6,4.2,16.652,17.615,-5.884
malgaon,598.0,0.64,243.4,3.6,12.81,2.511,0.795
mallewadi,597.0,1.36,161.6,1.8,13.434,5.375,-1.159
manmodi,612.0,1.01,135.0,1.7,13.328,-2.07,5.706
mhaisal,550.0,0.81,45.0,1.4,1.344,1.171,-12.55
mirajghat,545.0,2.05,204.8,5.6,0.239,-6.587,-7.909
mohan-nagar,554.0,0.61,315.0,2.5,3.295,-0.876,-9.613
mouje-digraj,550.0,1.23,324.5,4.9,0.337,-17.953,5.892
nagargojewadi,572.0,1.5,253.3,-0.2,6.577,2.394,-7.356
nandre,555.0,1.09,66.8,3.8,4.318,-15.965,10.574
narwad,581.0,0.59,284.0,0.8,4.297,4.601,-12.157
navraswadi,548.0,0.29,270.0,-1.0,3.854,-14.336,7.515
padmale,548.0,0.96,243.4,3.5,0.301,-15.862,3.518
patgaon,614.0,0.2,315.0,-0.1,17.422,0.604,9.697
payapachiwadi,654.0,0.77,111.8,0.1,18.633,12.409,0.611
salgare,624.0,0.73,78.7,5.0,25.878,23.044,3.341
samdoli,552.0,0.87,260.5,3.7,4.167,-21.078,0.918
shipur,647.0,1.36,288.4,-0.9,18.414,13.548,-0.71
siddhewadi,644.0,2.05,167.9,1.8,16.214,1.731,5.751
soni,611.0,1.01,225.0,1.8,16.834,-0.414,10.296
takali,565.0,0.52,146.3,2.0,7.841,-0.027,-3.932
tanang,592.0,1.55,123.7,1.9,11.222,-2.797,2.503
tung,557.0,1.01,45.0,2.9,0.987,-22.623,7.878
vijay-nagar,567.0,1.5,286.7,4.4,4.508,0.562,-8.928
