id,name_mr,checked
ankali,अंकली,no
arag,आरग,no
bedag,बेडग,no
belanki,बेळंकी,no
bhose,भोसे,no
bisur,बिसूर,no
bolwad,बोलवाड,no
chabuksarwadi,चाबुकस्वारवाडी,no
dongerwadi,डोंगरवाडी,no
dudhgaon,दुधगाव,no
erandoli,एरंडोली,no
gundewadi,गुंडेवाडी,no
kadamwadi,कदमवाडी,no
kalambi,कळंबी,no
kanawadi,कानवाडी,no
kanchanpur,कांचनपूर,no
karnal,कर्नाळ,no
karoli,करोली,no
kasbe-digraj,कसबे डिग्रज,no
kavalapur,कवलापूर,no
kavathe-piran,कवठेपिरान,no
khanderajuri,खंडेराजुरी,no
khotwadi,खोतवाडी,no
linganur,लिंगनूर,no
malgaon,मालगाव,no
mallewadi,मल्लेवाडी,no
manmodi,मानमोडी,no
mhaisal,म्हैसाळ,no
mirajghat,मिरजघाट,no
mohan-nagar,मोहननगर,no
mouje-digraj,मौजे डिग्रज,no
nagargojewadi,नागरगोजेवाडी,no
nandre,नांद्रे,no
narwad,नरवाड,no
navraswadi,नवरसवाडी,no
padmale,पद्माळे,no
patgaon,पाटगाव,no
payapachiwadi,पायापाचीवाडी,no
salgare,सलगरे,no
samdoli,समडोळी,no
shipur,शिपूर,no
siddhewadi,सिद्धेवाडी,no
soni,सोनी,no
takali,टाकळी,no
tanang,तानंग,no
tung,तुंग,no
vijay-nagar,विजयनगर,no
